SECTIONS,IDS
SEC-01,[2200032251; 2200030535; 2200030561; 2200031896; 2200032246; 2200032645; 2200032408; 2200031387; 2200032124; 2200040013; 2200030795; 2200031720; 2200030536; 2200032759; 2200030320; 2200032642; 2200030398; 2200031339; 2200031304; 2200030285; 2200032483; 2200031737; 2200030138; 2200080064; 2200080023; 2200031671; 2200080077; 2200080166; 2200030316; 2200040056; 2200080042; 2200080136; 2200030955; 2200080020; 2200080035; 2200080057; 2200080083; 2200069024; 2200069026; 2200049063; 2200069050; 2200069053; 2200069063; 2200049057; 2200049111; 2200049115; 2200049170; 2200069010; 2200049191; 2200049112; 2200049113; 2200040114; 2200049077; 2200049136; 2200049017; 2200040103; 2200049030; 2200040277; 2200069075; 2200049052; 2200030430; 2200080059; 2200080060; 2200080107; 2200080177; 2200080229; 2200090118; 2200049066; 2200031840; 2200032547; 2200040206; 2200032431; 2200079024; 2200079026; 2200032220; 2200080231; 2200089028; 2200049003; 2200049004; 2200050051; 2200030408; 2200032584; 2200030201; 2200030294; 2200079007; 2200040176; 2200049197; 2200030801; 2200080007; 2200080068; 2200049024; 2200049025; 2200029004; 2200032219; 2200031997; 2200080033; 2200080100; 2200080216; 2200039159; 2200040184; 2200049074; 2200079041; 2200080022; 2200080080; 2200080096; 2200040257; 2200030370; 2200032326; 2200032327; 2200049130; 2200049153; 2200090256; 2200030966; 2200070013]
SEC-02,[2200080004; 2200089020; 2200089015; 2200080024; 2200080047; 2200080147; 2200080012; 2200080135; 2200080097; 2200080179; 2200030660; 2200032940; 2200031338; 2200033120; 2200033249; 2200030739; 2200030831; 2200031586; 2200030247; 2200033047; 2200031955; 2200032362; 2200031072; 2200032110; 2200032004; 2200030252; 2200031514; 2200030241; 2200031034; 2200030860; 2200032536; 2200030213; 2200032874; 2200032096; 2200032529; 2200031860; 2200030070; 2200030245; 2200030330; 2200032797; 2200030849; 2200030994; 2200031059; 2200031101; 2200030534; 2200032484; 2200030712; 2200031646; 2200030852; 2200032781; 2200032790; 2200030035; 2200030207; 2200030436; 2200032422; 2200030822; 2200030189; 2200030558; 2200030593; 2200030704; 2200031007; 2200031110; 2200030559; 2200031847; 2200031861; 2200031862; 2200032573; 2200030019; 2200031571; 2200032072; 2200032138; 2200030254; 2200031865; 2200032392; 2200032051; 2200030395; 2200031240; 2200031433; 2200032932; 2200030738; 2200032438; 2200032918; 2200030823; 2200032255; 2200030675; 2200031027; 2200031200; 2200031348; 2200030039; 2200030648; 2200031888; 2200033123; 2200032212; 2200032274; 2200032254; 2200033079; 2200030343; 2200032740; 2200032357; 2200032316; 2200032340; 2200032690; 2200032417; 2200031687; 2200031795; 2200033208; 2200031521; 2200032991; 2200039035; 2200030607; 2200031404; 2200031408; 2200031023; 2200031179; 2200031223; 2200031834; 2200031672; 2200032793; 2200039020; 2200032559; 2200032578; 2200030227; 2200030262; 2200030304; 2200032169; 2200032217; 2200032328; 2200031189; 2200032872; 2200032967; 2200033148; 2200030401; 2200032347; 2200032165; 2200032620; 2200032714; 2200032936; 2200030894; 2200090241; 2200090111; 2200090197; 2200090142; 2200090150; 2200090156; 2200090067; 2200090109; 2200090038; 2200090158; 2200090228; 2200090160; 2200090222; 2200099012; 2200090205; 2200040069; 2200049097; 2200040094; 2200040099; 2200049172; 2200040366; 2200049078; 2200040120; 2200040131; 2200040189; 2200040259; 2200049020; 2200040036; 2200049013; 2200040324; 2200040139; 2200049007; 2200040081; 2200040007; 2200069058; 2200069014; 2200100035; 2200100044; 2200100057; 2200050035; 2200100040; 2200100072; 2200039134; 2200049085]
SEC-03,[2200080103; 2200080261; 2200080115; 2200080129; 2200080048; 2200080102; 2200080120; 2200080217; 2200080113; 2200080114; 2200080099; 2200080218; 2200080219; 2200080078; 2200080211; 2200080087; 2200080197; 2200080152; 2200080196; 2200080009; 2200080016; 2200080065; 2200080188; 2200080204; 2200080013; 2200080051; 2200080056; 2200080058; 2200080069; 2200080082; 2200080169; 2200080232; 2200080238; 2200080088; 2200080171; 2200080180; 2200080210; 2200080250; 2200080254; 2200089011; 2200089021; 2200080032; 2200080052; 2200080061; 2200080074; 2200080185; 2200080266; 2200089006; 2200080127; 2200080164; 2200080175; 2200080257; 2200080134; 2200080076; 2200080116; 2200080073; 2200080072; 2200080089; 2200080125; 2200080239; 2200080117; 2200080066; 2200080268; 2200080178; 2200080158; 2200032873; 2200030895; 2200031489; 2200031005; 2200030610; 2200032650; 2200031370; 2200030547; 2200030677; 2200030815; 2200030829; 2200031469; 2200033080; 2200031275; 2200032312; 2200030837; 2200031068; 2200031341; 2200033051; 2200031095; 2200031631; 2200030884; 2200032708; 2200030015; 2200031644; 2200032521; 2200031045; 2200031366; 2200030875; 2200032840; 2200033143; 2200031538; 2200031112; 2200031630; 2200030644; 2200032082; 2200031794; 2200032097; 2200030159; 2200032083; 2200032512; 2200031165; 2200030060; 2200031329; 2200030909; 2200030233; 2200031685; 2200030810; 2200031954; 2200032104; 2200031024; 2200030478; 2200031963; 2200031923; 2200030016; 2200031682; 2200031454; 2200031859; 2200032855; 2200030172; 2200030026; 2200030176; 2200030928; 2200030705; 2200030685; 2200032443; 2200030084; 2200030702; 2200031719; 2200030264; 2200032491; 2200033017; 2200032411; 2200032265; 2200030855; 2200031641; 2200032038; 2200030369; 2200030502; 2200030501; 2200030913; 2200031564; 2200032425; 2200031837; 2200031261; 2200030754; 2200032979; 2200032833; 2200031741; 2200030885; 2200031532; 2200030646; 2200030202; 2200032378; 2200030725; 2200030326; 2200030479; 2200031122; 2200030183; 2200031829; 2200031335; 2200031616; 2200030296; 2200031097; 2200030405; 2200033144; 2200031961; 2200031530; 2200031540; 2200030308]
SEC-04,[2200031790; 2200030602; 2200032734; 2200030105; 2200032058; 2200030934; 2200033015; 2200031413; 2200032823; 2200032028; 2200033122; 2200031169; 2200031100; 2200031854; 2200030385; 2200031943; 2200031479; 2200030740; 2200030557; 2200032815; 2200030626; 2200032877; 2200033013; 2200032258; 2200030805; 2200032704; 2200031841; 2200030328; 2200031594; 2200032481; 2200030570; 2200030986; 2200032819; 2200031276; 2200030454; 2200032537; 2200032470; 2200030686; 2200032380; 2200032015; 2200032563; 2200030434; 2200031259; 2200030833; 2200031293; 2200030427; 2200030449; 2200031914; 2200031831; 2200031598; 2200031799; 2200031602; 2200032160; 2200030789; 2200032784; 2200031921; 2200030762; 2200033067; 2200030935; 2200032098; 2200031579; 2200032534; 2200031989; 2200031802; 2200032361; 2200033034; 2200032190; 2200032162; 2200031845; 2200031236; 2200033077; 2200031315; 2200030384; 2200031711; 2200030061; 2200030984; 2200030222; 2200032423; 2200032696; 2200031136; 2200032339; 2200031886; 2200031423; 2200030001; 2200030490; 2200032026; 2200031346; 2200031752; 2200030851; 2200030838; 2200031442; 2200032495; 2200032739; 2200031809; 2200030721; 2200030005; 2200031693; 2200031019; 2200030817; 2200032178; 2200031628; 2200031857; 2200031357; 2200032128; 2200030700; 2200030828; 2200031458; 2200030394; 2200030123; 2200030591; 2200031913; 2200031761; 2200031910; 2200030920; 2200031099; 2200032115; 2200030759; 2200031274; 2200030464; 2200030438; 2200031012; 2200030970; 2200033189; 2200031362; 2200030290; 2200032478; 2200031219; 2200033072; 2200031150; 2200030816; 2200033191; 2200030242; 2200032114; 2200030940; 2200030971; 2200031618; 2200031706; 2200032012; 2200030098; 2200030939; 2200031510; 2200030230; 2200032014; 2200031664; 2200031939; 2200032112; 2200032789; 2200032869; 2200030573; 2200031567; 2200032437; 2200032532; 2200030567; 2200030664; 2200030932; 2200031155; 2200031748; 2200032865; 2200030187; 2200030520; 2200031391; 2200031484; 2200032068; 2200032183; 2200032473; 2200030225; 2200030364; 2200031257; 2200031491; 2200032744; 2200033001; 2200030331; 2200030682; 2200031061; 2200031427]
SEC-05,[2200030184; 2200030263; 2200030629; 2200031600; 2200031779; 2200030153; 2200030283; 2200030531; 2200030812; 2200031803; 2200032269; 2200032446; 2200032769; 2200032871; 2200030043; 2200031281; 2200031494; 2200031788; 2200032450; 2200033229; 2200030744; 2200030774; 2200032636; 2200030840; 2200032009; 2200032360; 2200030144; 2200031126; 2200031311; 2200031944; 2200032052; 2200032477; 2200033291; 2200030151; 2200031135; 2200031145; 2200033022; 2200030219; 2200030440; 2200030584; 2200032810; 2200032836; 2200030085; 2200030631; 2200031325; 2200032505; 2200030469; 2200031493; 2200032164; 2200032502; 2200032543; 2200032579; 2200032667; 2200030927; 2200031089; 2200031251; 2200031352; 2200032119; 2200032390; 2200030734; 2200030804; 2200032929; 2200032931; 2200030232; 2200030554; 2200030617; 2200031713; 2200031749; 2200031816; 2200031959; 2200030258; 2200030848; 2200033061; 2200030601; 2200032777; 2200032786; 2200030842; 2200031115; 2200031298; 2200032070; 2200030768; 2200031850; 2200032331; 2200032501; 2200030552; 2200030598; 2200031214; 2200033139; 2200030127; 2200030281; 2200031124; 2200033117; 2200032090; 2200032102; 2200033108; 2200033110; 2200033222; 2200030830; 2200030086; 2200030542; 2200030632; 2200030656; 2200032135; 2200030781; 2200031158; 2200031194; 2200032820; 2200032900; 2200032922; 2200030009; 2200031056; 2200031312; 2200030020; 2200030166; 2200031057; 2200031212; 2200032321; 2200030190; 2200031555; 2200032355; 2200030199; 2200032745; 2200030243; 2200030580; 2200032366; 2200032911; 2200031226; 2200031379; 2200031967; 2200031971; 2200030337; 2200030415; 2200031599; 2200031911; 2200030921; 2200030992; 2200030288; 2200032432; 2200032943; 2200031125; 2200031148; 2200032032; 2200030228; 2200031734; 2200031976; 2200031282; 2200030366; 2200032679; 2200032758; 2200030034; 2200032746; 2200032957; 2200030424; 2200031520; 2200032377; 2200031697; 2200031995; 2200031001; 2200032710; 2200030238; 2200032632; 2200033285; 2200030082; 2200030741; 2200032171; 2200030406; 2200031501; 2200031957; 2200033020; 2200033188; 2200030280; 2200030353; 2200033174; 2200030442; 2200030867]
SEC-06,[2200031113; 2200030191; 2200030260; 2200030619; 2200031355; 2200031889; 2200031465; 2200032330; 2200032926; 2200033002; 2200030633; 2200030051; 2200030751; 2200032067; 2200032649; 2200032418; 2200032934; 2200030651; 2200030752; 2200031467; 2200030500; 2200030691; 2200030901; 2200031343; 2200030641; 2200031218; 2200031811; 2200031848; 2200030275; 2200030487; 2200031356; 2200031942; 2200032192; 2200032633; 2200030936; 2200030968; 2200032332; 2200030048; 2200030347; 2200030653; 2200031337; 2200031548; 2200030113; 2200030193; 2200030541; 2200032093; 2200032480; 2200030361; 2200030046; 2200033153; 2200031714; 2200030006; 2200030312; 2200031709; 2200031183; 2200030655; 2200032349; 2200030717; 2200033190; 2200030099; 2200031791; 2200032596; 2200031131; 2200032599; 2200030784; 2200031445; 2200032674; 2200031528; 2200039162; 2200032081; 2200039046; 2200032486; 2200032034; 2200030092; 2200030356; 2200030157; 2200030662; 2200030205; 2200039076; 2210030146; 2200032281; 2200031320; 2200033106; 2200032414; 2200032305; 2200032323; 2200039155; 2200031505; 2200031351; 2200032399; 2200030882; 2200030156; 2200033282; 2200031536; 2200032147; 2200031272; 2200039093; 2200039097; 2200039098; 2200039105; 2200039106; 2200039109; 2200039111; 2200039112; 2200032379; 2200032403; 2200032409; 2200032410; 2200039061; 2200039063; 2200039066; 2200039067; 2200039072; 2200039079; 2200039081; 2200039089; 2200031621; 2200031662; 2200031684; 2200031806; 2200031819; 2200033179; 2200033200; 2200033257; 2200033279; 2200033281; 2200033286; 2200033301; 2200031517; 2200031524; 2200031533; 2200031534; 2200031541; 2200031557; 2200031560; 2200031563; 2200031580; 2200031582; 2200031885; 2200031933; 2200031941; 2200031948; 2200031969; 2200031981; 2200032986; 2200033038; 2200033049; 2200033066; 2200033070; 2200039129; 2200039130; 2200039136; 2200039137; 2200039138; 2200039141; 2200039142; 2200039144; 2200039145; 2200031432; 2200031478; 2200031495; 2200032498; 2200032511; 2200032523; 2200031345; 2200031378; 2200031402; 2200031406; 2200031409; 2200032003; 2200032010; 2200032011; 2200032036; 2200032048; 2200032049]
SEC-07,[2200039033; 2200039038; 2200039040; 2200039045; 2200039047; 2200039054; 2200039056; 2200039058; 2200039059; 2200033240; 2200033253; 2200033254; 2200033258; 2200030417; 2200030486; 2200030506; 2200030507; 2200030509; 2200030517; 2200030518; 2200030587; 2200030599; 2200032626; 2200032653; 2200031313; 2200031314; 2200031411; 2200031459; 2200031481; 2200031482; 2200031483; 2200031573; 2200031592; 2200032077; 2200032079; 2200032131; 2200032144; 2200032156; 2200032157; 2200030711; 2200030878; 2200030944; 2200030952; 2200030962; 2200031247; 2200031256; 2200031258; 2200031264; 2200031286; 2200031305; 2200031317; 2200031064; 2200031161; 2200030079; 2200030129; 2200030140; 2200030160; 2200031768; 2200031774; 2200031810; 2200030914; 2200030917; 2200030929; 2200030976; 2200031017; 2200031025; 2200031036; 2200031049; 2200032445; 2200032455; 2200032456; 2200032462; 2200032475; 2200032485; 2200031647; 2200031699; 2200031725; 2200032776; 2200032798; 2200032800; 2200039002; 2200039023; 2200030174; 2200030248; 2200030362; 2200032248; 2200032253; 2200032271; 2200032282; 2200032283; 2200032288; 2200033268; 2200033270; 2200033292; 2200030668; 2200030714; 2200030726; 2200030728; 2200030729; 2200030736; 2200032565; 2200032583; 2200032603; 2200032616; 2200030220; 2200030378; 2200030671; 2200031627; 2200032000; 2200033166; 2200030180; 2200030259; 2200030286; 2200030307; 2200032264; 2200032389; 2200032397; 2200031071; 2200031143; 2200031208; 2200032856; 2200032912; 2200033183; 2200033204; 2200032671; 2200032685; 2200032742; 2200031851; 2200031958; 2200032040; 2200032085; 2200030786; 2200030824; 2200030864; 2200030906; 2200032612; 2200032639; 2200032640; 2200032730; 2200032182; 2200032211; 2200032224; 2200032225; 2200032230; 2200032238; 2200039150; 2200039157; 2200032844; 2200032882; 2200032927; 2200033045; 2200033084; 2200033089; 2200033090; 2200030463; 2200030583; 2200030592; 2200030594; 2200033119; 2200033142; 2200030334; 2200030344; 2200030346; 2200030375; 2200030387; 2200030390; 2200032298; 2200032299; 2200032300; 2200032307; 2200032309; 2200032318; 2200032341; 2200032353; 2200031394]
SEC-08,[2200032613; 2200039120; 2200033111; 2200030698; 2200032683; 2200033147; 2200033093; 2200031235; 2200032538; 2200032899; 2200032221; 2200032031; 2200030910; 2200030044; 2200032659; 2200039090; 2200032320; 2200032222; 2200032897; 2200030170; 2200030609; 2200090099; 2200090053; 2200090085; 2200090086; 2200090046; 2200090250; 2200090125; 2200090024; 2200090240; 2200090027; 2200090182; 2200090002; 2200090004; 2200090034; 2200090040; 2200090041; 2200090062; 2200090074; 2200090174; 2200090175; 2200090198; 2200090210; 2200090237; 2200099015; 2200090095; 2200090219; 2200099003; 2200090006; 2200090010; 2200090025; 2200090066; 2200090136; 2200090015; 2200090047; 2200090177; 2200090229; 2200090014; 2200090020; 2200090072; 2200090106; 2200090133; 2200090163; 2200090212; 2200090252; 2200090080; 2200090195; 2200090244; 2200099005; 2200090148; 2200090221; 2200090003; 2200090033; 2200090042; 2200090048; 2200090214; 2200090184; 2200040141; 2200040016; 2200040012; 2200040109; 2200040052; 2200040113; 2200040006; 2200040107; 2200040233; 2200040123; 2200040182; 2200049124; 2200049173; 2200040045; 2200040076; 2200040204; 2200040337; 2200049061; 2200040037; 2200040216; 2200049185; 2200049189; 2200040352; 2200049037; 2200049039; 2200040071; 2200040112; 2200040273]
SEC-09,[2200040022; 2200040138; 2200040249; 2200040250; 2200040065; 2200040029; 2200040087; 2200040272; 2200040157; 2200040192; 2200049040; 2200040143; 2200040144; 2200049022; 2200040254; 2200040287; 2200040315; 2200049071; 2200040158; 2200040208; 2200040301; 2200049083; 2200040211; 2200049008; 2200040266; 2200040329; 2200049068; 2200049069; 2200049053; 2200049055; 2200040283; 2200040298; 2200040095; 2200040098; 2200040179; 2200040288; 2200049091; 2200040026; 2200040106; 2200040230; 2200040300; 2200040310; 2200049131; 2200049132; 2200049134; 2200049135; 2200040328; 2200040362; 2200049154; 2200049143; 2200040101; 2200040316; 2200040014; 2200040285; 2200049155; 2200040263; 2200040333; 2200049114; 2200049159; 2200040024; 2200040243; 2200040003; 2200040018; 2200040166; 2200040235; 2200040238; 2200049148; 2200049196; 2200040038; 2200040119; 2200040128; 2200040295; 2200040341; 2200049002; 2200040067; 2200040062; 2200040066; 2200040205; 2200040196; 2200069059; 2200069023; 2200069031; 2200069032; 2200069034; 2200069036; 2200069040; 2200069041; 2200069042; 2200069044; 2200069054; 2200069060; 2200069061; 2200069064; 2200069002; 2200069006; 2200069015; 2200069016; 2200069020; 2200060021; 2200060026; 2200060030; 2200069070; 2200069073; 2200069074; 2200069076]
SEC-10,[2200069077; 2200069079; 2200060004; 2200060010; 2200069069; 2200100002; 2200100009; 2200100013; 2200100017; 2200100047; 2200100070; 2200050018; 2200050019; 2200050020; 2200050029; 2200050046; 2200050055; 2200050057; 2200100006; 2200100008; 2200100030; 2200100031; 2200100032; 2200100066; 2200100036; 2200100059; 2200100064; 2200100069; 2200100074; 2200050002; 2200050044; 2200050006; 2200050022; 2200050031; 2200050048; 2200050053; 2200100054; 2200050063; 2200100060; 2200049139; 2200032835; 2200030877; 2200049146; 2200032647; 2200031908; 2200032342; 2200080104; 2200080002; 2200080067; 2200080230; 2200080191; 2200080200; 2200080054; 2200080227; 2200080194; 2200080026; 2200089012; 2200080108; 2200080186; 2200080168; 2200080145; 2200080006; 2200080018; 2200080184; 2200080189; 2200080228; 2200080236; 2200089002; 2200089022; 2200080040; 2200080202; 2200089007; 2200080070; 2200080101; 2200080161; 2200080256; 2200080112; 2200080140; 2200080162; 2200080001; 2200080014; 2200080043; 2200080045; 2200080071; 2200080122; 2200080123; 2200080075; 2200080143; 2200080150; 2200080025; 2200080154; 2200080157; 2200080017; 2200080142; 2200080139; 2200080086; 2200080144; 2200030896; 2200032913; 2200033265; 2200030310; 2200030611; 2200030459; 2200030470; 2200032520]
SEC-11,[2200033007; 2200032577; 2200031924; 2200030987; 2200032200; 2200030582; 2200030996; 2200030476; 2200031917; 2200030002; 2200031363; 2200030389; 2200032074; 2200030856; 2200030523; 2200031918; 2200032186; 2200031695; 2200031177; 2200031786; 2200031083; 2200030898; 2200032619; 2200030635; 2200030244; 2200031782; 2200031915; 2200032001; 2200030889; 2200031170; 2200032062; 2200030104; 2200031877; 2200031260; 2200031661; 2200031979; 2200030425; 2200031765; 2200032395; 2200030246; 2200032458; 2200032400; 2200031301; 2200031340; 2200030493; 2200030975; 2200033071; 2200030065; 2200031364; 2200031153; 2200033283; 2200031476; 2200032317; 2200031480; 2200031804; 2200033171; 2200030169; 2200030683; 2200031801; 2200030780; 2200032310; 2200031203; 2200031233; 2200030306; 2200030731; 2200032154; 2200032424; 2200032050; 2200031830; 2200031882; 2200030818; 2200030753; 2200031015; 2200032044; 2200030761; 2200030317; 2200032078; 2200032779; 2200031241; 2200030649; 2200031268; 2200030963; 2200030618; 2200031359; 2200032463; 2200030439; 2200030745; 2200031470; 2200032988; 2200032166; 2200031726; 2200030998; 2200032173; 2200032344; 2200031985; 2200032976; 2200031522; 2200031820]
SEC-12,[2200032806; 2200031032; 2200031117; 2200031419; 2200030730; 2200031415; 2200030410; 2200030782; 2200030106; 2200030623; 2200031172; 2200030391; 2200080170; 2200030311; 2200031372; 2200030142; 2200031344; 2200031342; 2200030023; 2200031004; 2200031591; 2200030165; 2200032952; 2200031393; 2200032203; 2200031792; 2200031629; 2200031191; 2200032951; 2200030371; 2200031870; 2200030546; 2200032772; 2200030267; 2200031960; 2200032035; 2200032129; 2200031318; 2200031278; 2200031397; 2200031692; 2200032981; 2200031198; 2200030274; 2200032980; 2200032963; 2200031399; 2200030796; 2200031350; 2200031690; 2200030416; 2200030883; 2200030718; 2200030907; 2200030544; 2200031934; 2200030958; 2200032107; 2200031188; 2200031389; 2200031074; 2200032713; 2200030654; 2200031373; 2200030456; 2200032280; 2200031114; 2200030467; 2200033073; 2200030305; 2200030218; 2200031084; 2200031037; 2200032091; 2200031087; 2200030412; 2200030289; 2200031632; 2200030827; 2200040322; 2200030808; 2200031082; 2200031440; 2200033021; 2200031051; 2200033086; 2200030287; 2200031438; 2200032904; 2200032723; 2200032949; 2200031688; 2200032487; 2200030959; 2200090172; 2200031998; 2200030212; 2200032335; 2200030537; 2200030081; 2200031316; 2200031210; 2200030032; 2200030716; 2200030251; 2200032973; 2200031026; 2200031041; 2200030008; 2200032006; 2200032670; 2200032601; 2200031199; 2200031717; 2200030249; 2200031237]
SEC-13,[2200090035; 2200031576; 2200090021; 2200031858; 2200030737; 2200031333; 2200031949; 2200031234; 2200030495; 2200030543; 2200033124; 2200030799; 2200032668; 2200031798; 2200031648; 2200030854; 2200030313; 2200030983; 2200032499; 2200031147; 2200032042; 2200031138; 2200030096; 2200080003; 2200030687; 2200030011; 2200090065; 2200030647; 2200031475; 2200031839; 2200030309; 2200031509; 2200030492; 2200080119; 2200032404; 2200031907; 2200032013; 2200030763; 2200031940; 2200030997; 2200080121; 2200031507; 2200030990; 2200032056; 2200031566; 2200030195; 2200090134; 2200033008; 2200030302; 2200030749; 2200030809; 2200032847; 2200031776; 2200090011; 2200031300; 2200031759; 2200031856; 2200032314; 2200031729; 2200031925; 2200031361; 2200031797; 2200030484; 2200030524; 2200031620; 2200030433; 2200031093; 2200031221; 2200030137; 2200031796; 2200031605; 2200032185; 2200031535]
SEC-14,[2200030742; 2200030357; 2200031289; 2200032029; 2200031457; 2200031053; 2200031601; 2200031743; 2200031383; 2200031195; 2200031926; 2200030444; 2200031436; 2200031107; 2200033135; 2200032771; 2200031666; 2200030068; 2200032750; 2200030814; 2200033023; 2200030709; 2200030540; 2200031439; 2200030088; 2200030350; 2200030923; 2200031659; 2200031133; 2200031106; 2200039094; 2200030621; 2200030496; 2200039084; 2200080010; 2200030139; 2200030693; 2200031547; 2200031653; 2200100038; 2200090028; 2200090071; 2200030348; 2200031386; 2200030630; 2200031622; 2200031450; 2200030145; 2200032813; 2200032850; 2200030131; 2200030173; 2200030474; 2200030991; 2200030445; 2200031686; 2200049188; 2200039122; 2200039124; 2200039131; 2200049042; 2200049050; 2200049051; 2200030446; 2200030627; 2200032895; 2200033216; 2200080259; 2200030868; 2200031016; 2200032018; 2200032722; 2200033128]
SEC-15,[2200010057; 2200010153; 2200010054; 2200010107; 2200010151; 2200010010; 2200010011; 2200010038; 2200010063; 2200010119; 2200010139; 2200010142; 2200010121; 2200010163; 2200079021; 2200079028; 2200079006; 2200079008; 2200079009; 2200079011; 2200079018; 2200029001; 2200010019; 2200010006; 2200010032; 2200010075; 2200010081; 2200010017; 2200010062; 2200010001; 2200010034; 2200010027; 2200010044; 2200010133; 2200079010; 2200079013; 2200079016; 2200079020; 2200079022; 2200079023; 2200010026; 2200010067; 2200010098; 2200070011]
SEC-16,[2200032598; 2200032756; 2200039151; 2200039163; 2200039165; 2200039169; 2200039171; 2200039172; 2200039176; 2200032878; 2200032945; 2200033092; 2200030497; 2200030512; 2200030516; 2200030519; 2200030525; 2200030538; 2200030539; 2200030603; 2200033091; 2200033112; 2200033149; 2200030355; 2200030363; 2200030376; 2200030382; 2200030432; 2200030448; 2200032346; 2200030114; 2200032604; 2200032181; 2200030862; 2200031412; 2200032832; 2200032732; 2200032180; 2200032159; 2200031206; 2200032919; 2200032179; 2200032615; 2200039156; 2200032195; 2200032602; 2200032043; 2200031604; 2200032513; 2200031238; 2200032143; 2200033164; 2200032100; 2200031787; 2200031970; 2200032964; 2200031367; 2200031152; 2200030150; 2200031539; 2200032634; 2200030282; 2200090124; 2200090058; 2200090131; 2200090144; 2200090146; 2200090231; 2200090096; 2200090113; 2200090115; 2200090186; 2200090050; 2200090059; 2200090169; 2200090206; 2200090242; 2200090101; 2200090055; 2200090061; 2200090077; 2200090108; 2200090112; 2200090129; 2200090220; 2200090091; 2200090092; 2200090114; 2200090165; 2200090173; 2200040153; 2200040154; 2200049064; 2200040290; 2200049183; 2200040039; 2200040068; 2200040183; 2200040321; 2200040354; 2200040097; 2200040126; 2200040276; 2200040193; 2200049021; 2200040084; 2200049046; 2200040343; 2200049035; 2200049043; 2200040132; 2200040190; 2200040219; 2200049086; 2200040118; 2200040136; 2200040164; 2200040242; 2200040060; 2200040108; 2200040246; 2200049144; 2200040140; 2200049100; 2200049090; 2200040017; 2200040142; 2200040267; 2200040009; 2200040145; 2200049123; 2200040035; 2200049119; 2200040031; 2200040115; 2200049011; 2200049015; 2200040046; 2200040199; 2200040330; 2200040023; 2200040089; 2200040247; 2200040361; 2200040363; 2200049127; 2200049157; 2200049067; 2200049193; 2200040077; 2200040165; 2200069046; 2200069047; 2200069049; 2200069052; 2200069056; 2200069057; 2200069071; 2200060002; 2200060009; 2200060014; 2200060020; 2200100053; 2200100067; 2200050045; 2200050061; 2200100015; 2200100023; 2200100027; 2200100039; 2200100048; 2200050003; 2200050009; 2200050027; 2200050038; 2200050042; 2200050005; 2200050021; 2200050062; 2200050017; 2200050065]
SEC-17,[2200031048; 2200030532; 2200030515; 2200030074; 2200030703; 2200030367; 2200031766; 2200032069; 2200030858; 2200032471; 2200010065; 2200031974; 2200010045; 2200030186; 2200030111; 2200032993; 2200032955; 2200030358; 2200030757; 2200031039; 2200033121; 2200031162; 2200030480; 2200030124; 2200030221; 2200033027; 2200030957; 2200030136; 2200032207; 2200032065; 2200030669; 2200030071; 2200031174; 2200031166; 2200031167; 2200030340; 2200030918; 2200031789; 2200031319; 2200032343; 2200030080; 2200031778; 2200030420; 2200030148; 2200030845; 2200031588; 2200032252; 2200032546; 2200031608; 2200032575; 2200031731; 2200031323; 2200032055; 2200032076; 2200032545; 2200030178; 2200030388; 2200030857; 2200031381; 2200031965; 2200030767; 2200031285; 2200032197; 2200030108; 2200030676; 2200030472; 2200030576; 2200030969; 2200031287; 2200031675; 2200032089; 2200032213; 2200032946; 2200033035; 2200030505; 2200030912; 2200030710; 2200031098; 2200031487; 2200031991; 2200032054; 2200031187; 2200032885; 2200030126; 2200030147; 2200030628; 2200031681; 2200031855; 2200032092; 2200030119; 2200030052; 2200033156; 2200030571; 2200030574; 2200030846; 2200031328; 2200032666; 2200033010; 2200030154; 2200032139; 2200032503; 2200030226; 2200032917; 2200030553; 2200031414; 2200031980; 2200032724; 2200030053; 2200031134; 2200031354; 2200032057; 2200030788; 2200030612; 2200031269; 2200030482; 2200032060; 2200032228; 2200032567; 2200030766; 2200032289; 2200032356; 2200032531; 2200030058; 2200030223; 2200030565; 2200031561; 2200032149; 2200032515; 2200030419; 2200030903; 2200031368; 2200031663; 2200031578; 2200032721; 2200031003; 2200032084; 2200032527; 2200030411; 2200031119; 2200031303; 2200031785; 2200032888; 2200030564; 2200030667; 2200031446; 2200030481; 2200031527; 2200030634; 2200031999; 2200032548; 2200030188; 2200031813; 2200031842; 2200032187; 2200030715; 2200030056; 2200030979; 2200031002; 2200031215; 2200031398; 2200031893; 2200030014; 2200030397; 2200032862; 2200033025; 2200031123; 2200031180; 2200031523; 2200030925; 2200033014; 2200033019; 2200030210; 2200030681; 2200030922; 2200031417]
SEC-18,[2200031424; 2200031518; 2200031863; 2200032194; 2200033152; 2200030279; 2200031108; 2200031255; 2200030670; 2200031284; 2200032421; 2200032843; 2200032909; 2200032915; 2200031992; 2200032692; 2200032007; 2200032394; 2200030133; 2200030643; 2200030585; 2200032286; 2200032887; 2200033245; 2200030007; 2200032930; 2200030981; 2200031307; 2200031612; 2200032852; 2200030836; 2200030323; 2200031562; 2200032774; 2200031132; 2200031499; 2200032658; 2200032791; 2200033054; 2200031895; 2200032595; 2200030040; 2200030551; 2200031642; 2200032262; 2200032500; 2200032933; 2200032958; 2200030257; 2200030297; 2200030568; 2200030636; 2200030695; 2200031021; 2200032712; 2200032472; 2200030706; 2200031058; 2200031266; 2200031931; 2200030125; 2200030413; 2200031050; 2200031347; 2200031441; 2200031551; 2200031652; 2200032467; 2200032766; 2200031018; 2200033053; 2200030679; 2200031745; 2200032075; 2200030421; 2200030458; 2200030511; 2200030933; 2200031022; 2200031104; 2200031181; 2200031609; 2200032175; 2200032965; 2200030680; 2200031042; 2200031073; 2200031392; 2200031430; 2200031625; 2200030383; 2200030022; 2200030078; 2200030673; 2200030792; 2200031549; 2200031852; 2200031390; 2200031639; 2200031512; 2200032123; 2200032941; 2200030451; 2200030843; 2200031767; 2200032825; 2200030732; 2200030863; 2200030980; 2200031207; 2200031252; 2200032588; 2200030811; 2200031369; 2200032782; 2200030122; 2200030240; 2200030452; 2200031589; 2200031808; 2200032293; 2200032572; 2200032996; 2200033132; 2200030107; 2200030192; 2200030701; 2200031519; 2200032493; 2200032907; 2200032962; 2200033160; 2200030783; 2200031263; 2200031371; 2200031807; 2200030276; 2200032914; 2200033170; 2200030057; 2200030250; 2200031676; 2200030447; 2200032064; 2200031094; 2200033242; 2200039073; 2200039114; 2200031332; 2200039143; 2200031715; 2200032270; 2200031157; 2200030527; 2200032651; 2200032938; 2200030859; 2200032984; 2200030118; 2200033231; 2200032590; 2200032374; 2200030708; 2200032550; 2200031884; 2200032442; 2200032233; 2200030672; 2200030873; 2200039100; 2200030953; 2200039099; 2200039119; 2200032903; 2200039091]
SEC-19,[2200039092; 2200039096; 2200039102; 2200039104; 2200039107; 2200039108; 2200032371; 2200032373; 2200032393; 2200032396; 2200032402; 2200032405; 2200032406; 2200032412; 2200032413; 2200039060; 2200039065; 2200039068; 2200039069; 2200039070; 2200039075; 2200039077; 2200039078; 2200039087; 2200031638; 2200031665; 2200031689; 2200031694; 2200031718; 2200031762; 2200031826; 2200033134; 2200033271; 2200033278; 2200033302; 2200031537; 2200031556; 2200031569; 2200031585; 2200031909; 2200031920; 2200031946; 2200031953; 2200031968; 2200031972; 2200033033; 2200033055; 2200033059; 2200033064; 2200033078; 2200033082; 2200033083; 2200039127; 2200039132; 2200039139; 2200039140; 2200039146; 2200039149; 2200031431; 2200031444; 2200031452; 2200031477; 2200031486; 2200031497; 2200031498; 2200031502; 2200031504; 2200031508; 2200031511; 2200032490; 2200032494; 2200032518; 2200032524; 2200032528; 2200032533; 2200031331; 2200031360; 2200031385; 2200031400; 2200031988; 2200031996; 2200032002; 2200032037; 2200039039; 2200039043; 2200039044; 2200039051; 2200033228; 2200033235; 2200033238; 2200033243; 2200033259; 2200030380; 2200030400; 2200030407; 2200030494; 2200030596; 2200030597; 2200030605; 2200032622; 2200032628; 2200032644; 2200032648; 2200031407; 2200031410; 2200031464; 2200031466; 2200031572; 2200031610; 2200031613; 2200032086; 2200032127; 2200032150; 2200032151; 2200032152; 2200030665; 2200030692; 2200030694; 2200030872; 2200031239; 2200031250; 2200031265; 2200031267; 2200031270; 2200031273; 2200031290; 2200031291; 2200031306; 2200031310; 2200031076; 2200031077; 2200031121; 2200031142; 2200031159; 2200031171; 2200031173; 2200031216; 2200031217; 2200031225; 2200031228; 2200031231; 2200030047; 2200030059; 2200030066; 2200030069; 2200030093; 2200030152; 2200030164; 2200030167; 2200031772; 2200031821; 2200031867; 2200030916; 2200030949; 2200030988; 2200030989; 2200031035; 2200031046; 2200032427; 2200032444; 2200032449; 2200032459; 2200032465; 2200031595; 2200031634; 2200031716; 2200031728; 2200032801; 2200032805; 2200039016; 2200039022; 2200039025; 2200039027; 2200039175; 2200030027]
SEC-20,[2200030116; 2200030117; 2200030155; 2200030197; 2200030291; 2200032240; 2200032241; 2200032244; 2200032245; 2200032256; 2200032257; 2200032259; 2200032291; 2200032297; 2200030194; 2200031254; 2200033266; 2200033267; 2200033277; 2200033287; 2200033289; 2200030727; 2200030746; 2200030747; 2200030748; 2200030764; 2200030765; 2200032556; 2200032561; 2200032585; 2200032607; 2200030529; 2200030625; 2200030961; 2200031010; 2200031244; 2200031832; 2200031936; 2200031987; 2200030211; 2200030217; 2200030234; 2200030236; 2200032126; 2200032273; 2200032285; 2200032539; 2200031040; 2200031081; 2200031163; 2200031184; 2200031196; 2200031224; 2200032968; 2200033209; 2200032729; 2200032738; 2200032743; 2200032753; 2200031844; 2200031849; 2200031881; 2200031894; 2200031937; 2200030794; 2200030797; 2200030807; 2200032569; 2200032617; 2200032699; 2200032703; 2200032725; 2200032755; 2200032765; 2200032163; 2200032196; 2200039158; 2200039170; 2200032884; 2200032893; 2200033029; 2200033036; 2200033057; 2200033101; 2200030461; 2200030572; 2200030624; 2200033115; 2200033136; 2200033150; 2200033159; 2200030318; 2200030324; 2200030338; 2200030351; 2200030453; 2200030455; 2200032334; 2200032336; 2200032354; 2200030141; 2200031067; 2200032287; 2200033155; 2200032158; 2200032359; 2200032476; 2200030130; 2200033165; 2200031374; 2200032785; 2200030735; 2200031242; 2200030908; 2200032234; 2200033105; 2200031650; 2200031154; 2200033032; 2200033118; 2200031382; 2200032937; 2200031377; 2200031395; 2200031096; 2200031707; 2200030121; 2200032997; 2200031079; 2200032676; 2200031723; 2200030359; 2200032146; 2200090007; 2200090018; 2200090128; 2200090254; 2200090081; 2200090094; 2200090013; 2200090019; 2200090203; 2200090208; 2200090102; 2200090116; 2200090187; 2200090190; 2200090191; 2200090236; 2200090068; 2200090088; 2200090093; 2200090031; 2200090151; 2200090164; 2200090167; 2200090227; 2200090247; 2200090036; 2200090037; 2200090044; 2200090045; 2200090049; 2200090143; 2200090161; 2200090001; 2200090032; 2200090176; 2200090120; 2200090140; 2200090159; 2200090039; 2200090056; 2200090123; 2200090152]
SEC-21,[2200090170; 2200090233; 2200090235; 2200040148; 2200040186; 2200040042; 2200040027; 2200040282; 2200040340; 2200040059; 2200040240; 2200040025; 2200040073; 2200040079; 2200040090; 2200049058; 2200049060; 2200040070; 2200040155; 2200040161; 2200040194; 2200049164; 2200049167; 2200049168; 2200049169; 2200049171; 2200049180; 2200049034; 2200049036; 2200040083; 2200040137; 2200040289; 2200040294; 2200040313; 2200040317; 2200049116; 2200040053; 2200040229; 2200049075; 2200049126; 2200049133; 2200049163; 2200040152; 2200040314; 2200049018; 2200040167; 2200040297; 2200040299; 2200040319; 2200049041; 2200040061; 2200040237; 2200049031; 2200040015; 2200040021; 2200040044; 2200040359; 2200040020; 2200040130; 2200049054; 2200040004; 2200040085; 2200040133; 2200040274; 2200040348; 2200040353; 2200049094; 2200049095; 2200040221; 2200040326; 2200040350; 2200040146; 2200040174; 2200040214; 2200049070; 2200049073; 2200049056; 2200040054; 2200040222; 2200049142; 2200040275; 2200040284; 2200040086; 2200040217; 2200040292; 2200040311; 2200049088; 2200049089; 2200049092; 2200040147; 2200049137; 2200040080; 2200040160; 2200049009; 2200049010; 2200049076; 2200049079; 2200049151; 2200040075; 2200040091; 2200040232; 2200049140; 2200040227; 2200040231; 2200040323; 2200040002; 2200049152; 2200049156; 2200049195; 2200040032; 2200040212; 2200049120; 2200040151; 2200049012; 2200049014; 2200040096; 2200049026; 2200040092; 2200040116; 2200040150; 2200040320; 2200049028; 2200040058; 2200040134; 2200040180; 2200040225; 2200040291; 2200049072; 2200060022; 2200040117; 2200049104; 2200049107; 2200049108; 2200049109; 2200040001; 2200040105; 2200040127; 2200040303; 2200040307; 2200040325; 2200049129; 2200049161; 2200040270; 2200040302; 2200040305; 2200040218; 2200040048; 2200040170; 2200040172; 2200040309; 2200040332; 2200049165; 2200040248; 2200040209; 2200040051; 2200069035; 2200069051; 2200060006; 2200069033; 2200069027; 2200069028; 2200069030; 2200069037; 2200069038; 2200069039; 2200069043; 2200069045; 2200069048; 2200069003; 2200069005; 2200069007; 2200069009; 2200069013; 2200069017; 2200060023]
SEC-22,[2200060025; 2200069066; 2200069068; 2200060012; 2200100016; 2200100024; 2200050014; 2200050023; 2200050028; 2200050039; 2200100007; 2200100012; 2200100025; 2200100033; 2200100034; 2200100055; 2200100058; 2200100063; 2200100003; 2200100011; 2200100020; 2200100021; 2200100022; 2200100026; 2200100045; 2200100062; 2200100042; 2200100049; 2200100061; 2200100065; 2200100071; 2200050026; 2200050001; 2200050007; 2200050012; 2200050025; 2200050049; 2200050004; 2200050011; 2200050013; 2200050037; 2200080090; 2200049044; 2200039028; 2200031922; 2200080019; 2200080021; 2200080036; 2200080205; 2200080092; 2200080030; 2200080041; 2200080111; 2200080252; 2200080055; 2200080079; 2200080098; 2200080165; 2200080187; 2200080212; 2200089004; 2200080224; 2200080226; 2200080251; 2200080265; 2200080053; 2200080063; 2200080141; 2200080176; 2200089003; 2200089005; 2200089008; 2200080039; 2200080093; 2200080095; 2200080130; 2200080173; 2200080081; 2200080181; 2200080203; 2200080213; 2200080221; 2200089018; 2200089027; 2200080183; 2200080246; 2200080124; 2200080046; 2200080263; 2200080146; 2200080156; 2200080149; 2200080126; 2200080174; 2200080011; 2200080220; 2200080132; 2200032294; 2200032576; 2200031703; 2200030112; 2200031365; 2200031878; 2200032304; 2200032627]
SEC-23,[2200032886; 2200032436; 2200031568; 2200032141; 2200030146; 2200032199; 2200030995; 2200033247; 2200031952; 2200030874; 2200031102; 2200031575; 2200031513; 2200031297; 2200031836; 2200030658; 2200032853; 2200032372; 2200030062; 2200030521; 2200030315; 2200030590; 2200030778; 2200032193; 2200032319; 2200032260; 2200032672; 2200031279; 2200030013; 2200030652; 2200030950; 2200031043; 2200032879; 2200030094; 2200031090; 2200032693; 2200030426; 2200030581; 2200032348; 2200032134; 2200032526; 2200030181; 2200030723; 2200031667; 2200031846; 2200032974; 2200030266; 2200031232; 2200031418; 2200031900; 2200033069; 2200030798; 2200030298; 2200031066; 2200032350; 2200032474; 2200030175; 2200030214; 2200030321; 2200030473; 2200031197; 2200032709; 2200031246; 2200030733; 2200031425; 2200032506; 2200030272; 2200031202; 2200031868; 2200032338; 2200030956; 2200032376; 2200032726; 2200030666; 2200032416; 2200032896; 2200031825; 2200032845; 2200030067; 2200031449; 2200031727; 2200031127; 2200031904; 2200032737; 2200030255; 2200030595; 2200032966; 2200030200; 2200030399; 2200030937; 2200031111; 2200031213; 2200031552; 2200031956; 2200032935; 2200010029; 2200031815; 2200030821; 2200031038; 2200031211; 2200031623; 2200032172; 2200030468; 2200031262; 2200032363]
SEC-24,[2200030787; 2200031190; 2200032752; 2200032736; 2200031935; 2200032358; 2200032525; 2200030577; 2200031116; 2200031164; 2200031227; 2200031769; 2200031864; 2200032574; 2200030028; 2200030674; 2200031151; 2200031295; 2200032610; 2200030771; 2200030982; 2200031120; 2200032727; 2200032841; 2200030545; 2200031380; 2200032434; 2200032881; 2200033000; 2200031492; 2200031156; 2200030498; 2200033230; 2200030699; 2200032571; 2200030429; 2200031336; 2200032761; 2200032788; 2200032829; 2200030457; 2200030773; 2200031308; 2200031651; 2200032216; 2200032581; 2200030120; 2200030508; 2200030435; 2200030871; 2200030608; 2200031764; 2200030803; 2200031245; 2200030915; 2200032088; 2200032460; 2200030713; 2200031296; 2200032296; 2200031903; 2200039055; 2200039110; 2200039117; 2200032365; 2200032367; 2200032407; 2200039064; 2200031645; 2200031753; 2200033215; 2200033218; 2200031542; 2200031945; 2200031977; 2200033028; 2200039121; 2200031447; 2200031462; 2200031490; 2200031496; 2200032522; 2200032535; 2200031353; 2200031426; 2200032005; 2200039030; 2200033256; 2200030372; 2200032654; 2200032655; 2200032656; 2200032664; 2200032122; 2200032125; 2200030663; 2200030802; 2200030853; 2200030879; 2200030881; 2200030891; 2200030902; 2200030993; 2200031029; 2200031271]
SEC-25,[2200031280; 2200031283; 2200031065; 2200031078; 2200031086; 2200030021; 2200030025; 2200031755; 2200031770; 2200031771; 2200031775; 2200031823; 2200031833; 2200031835; 2200031838; 2200031876; 2200031883; 2200030947; 2200030964; 2200030965; 2200030967; 2200030985; 2200031014; 2200031055; 2200032448; 2200032453; 2200031624; 2200031722; 2200031739; 2200032762; 2200032773; 2200032778; 2200032826; 2200032827; 2200032838; 2200039003; 2200039004; 2200039007; 2200039014; 2200039015; 2200039017; 2200039018; 2200030004; 2200030077; 2200030335; 2200031611; 2200033274; 2200030640; 2200030657; 2200030689; 2200030696; 2200030697; 2200030750; 2200030760; 2200030775; 2200030926; 2200030215; 2200030261; 2200030265; 2200032133; 2200032174; 2200032176; 2200032263; 2200032275; 2200032295; 2200032430; 2200032482; 2200032540; 2200031130; 2200031204; 2200031205; 2200032905; 2200032924; 2200032947; 2200032953; 2200032972; 2200032975; 2200033168; 2200033196; 2200033199; 2200033201; 2200033202; 2200033205; 2200033210; 2200032673; 2200032682; 2200032735; 2200032751; 2200031928; 2200032099; 2200030777; 2200030779; 2200030790; 2200030834; 2200030880; 2200030888; 2200030897; 2200030899]
SEC-26,[2200031691; 2200033273; 2200030549; 2200032454; 2200031129; 2200031088; 2200030707; 2200032733; 2200032631; 2200031178; 2200032504; 2200030533; 2200030017; 2200030719; 2200031781; 2200030134; 2200030466; 2200031013; 2200031818; 2200032698; 2200030392; 2200031009; 2200031668; 2200030813; 2200031455; 2200032839; 2200030645; 2200032439; 2200030566; 2200030158; 2200030876; 2200030301; 2200030503; 2200030938; 2200032041; 2200050036; 2200030087; 2200030374; 2200031416; 2200030393; 2200032153; 2200032891; 2200032140; 2200032959; 2200030354; 2200031747; 2200031757; 2200031814; 2200031229; 2200030128; 2200030003; 2200030555; 2200030528; 2200032977; 2200030690; 2200032145; 2200032235; 2200031619; 2200031660; 2200032860; 2200031422; 2200032132; 2200031529; 2200030960; 2200032188; 2200032415; 2200030049; 2200030209; 2200032629; 2200031222; 2200031334; 2200031853; 2200030650; 2200032218; 2200030924; 2200032324; 2200033276; 2200030722; 2200030342; 2200032880; 2200032290; 2200030678; 2200032387; 2200031677; 2200031817; 2200032116; 2200031742; 2200030163; 2200032700; 2200030216; 2200031011; 2200030063; 2200030196; 2200031760; 2200032080; 2200032223; 2200030793; 2200031640; 2200032568; 2200032677; 2200032787; 2200030352; 2200032849; 2200031137; 2200031614; 2200031128; 2200032071; 2200031916; 2200032267; 2200032452; 2200030177; 2200032094; 2200030109; 2200032705; 2200032201]
SEC-27,[2200030185; 2200030791; 2200030832; 2200031294; 2200031680; 2200030604; 2200032276; 2200030510; 2200030942; 2200031149; 2200033116; 2200090008; 2200090076; 2200030033; 2200030569; 2200030075; 2200031421; 2200032889; 2200031006; 2200030132; 2200031434; 2200033060; 2200030253; 2200032775; 2200031780; 2200031031; 2200031144; 2200031176; 2200031321; 2200031783; 2200032939; 2200030229; 2200031866; 2200032582; 2200030548; 2200031420; 2200030562; 2200030758; 2200032016; 2200032398; 2200031705; 2200079034; 2200030870; 2200080182; 2200031448; 2200033161; 2200032804; 2200030893; 2200030931; 2200032292; 2200032306; 2200032901; 2200030556; 2200031670; 2200050024; 2200031349; 2200031990; 2200033138; 2200030010; 2200030179; 2200030513; 2200030951; 2200032890; 2200032920; 2200031451; 2200030182; 2200030514; 2200031812; 2200032479; 2200030300; 2200032461; 2200032608; 2200031193]
SEC-28,[2200031277; 2200030373; 2200030575; 2200032167; 2200040047; 2200030431; 2200031288; 2200031733; 2200030589; 2200030615; 2200031103; 2200030892; 2200031118; 2200031209; 2200031593; 2200050010; 2200080242; 2200031887; 2200032748; 2200030560; 2200030941; 2200032971; 2200080027; 2200080028; 2200080131; 2200080151; 2200080153; 2200030041; 2200032541; 2200032689; 2200030462; 2200030841; 2200031185; 2200032204; 2200030606; 2200031472; 2200033104; 2200033284; 2200030365; 2200030329; 2200030861; 2200030293; 2200031146; 2200031744; 2200040226; 2200030488; 2200032987; 2200031678; 2200030999; 2200031546; 2200031587; 2200032105; 2200090009; 2200090087; 2200090168; 2200090246; 2200030055; 2200030341; 2200030485; 2200031175; 2200031201; 2200030100; 2200032807; 2200031047; 2200032236; 2200033062; 2200030064; 2200032386; 2200033130; 2200031756; 2200033109; 2200032302; 2200032948; 2200030530]
